<?xml version="1.0" encoding="UTF-8"?>
<project-private xmlns="http://www.netbeans.org/ns/project-private/1">
    <editor-bookmarks xmlns="http://www.netbeans.org/ns/editor-bookmarks/2" lastBookmarkId="0"/>
    <open-files xmlns="http://www.netbeans.org/ns/projectui-open-files/2">
        <group>
            <file>file:/C:/Users/Asus/Documents/NetBeansProjects/JavaArrayList/src/SortAn/integer.java</file>
            <file>file:/C:/Users/Asus/Documents/NetBeansProjects/JavaArrayList/src/AddItems/MyClass.java</file>
            <file>file:/C:/Users/Asus/Documents/NetBeansProjects/JavaArrayList/src/Loopthrought/eachloop.java</file>
            <file>file:/C:/Users/Asus/Documents/NetBeansProjects/JavaArrayList/src/OtherTypes/MyClass.java</file>
            <file>file:/C:/Users/Asus/Documents/NetBeansProjects/JavaArrayList/src/Loopthrought/MyClass.java</file>
        </group>
    </open-files>
</project-private>
